Arm,AUROC,Accuracy,Balanced_Accuracy,Macro_F1,Asthma_Sensitivity,COPD_Sensitivity,Model,Fold,Repeat,Threshold,Inner_CV_AUC
C_no_spx,0.8500241896468312,0.7675675675675676,0.7843492985002419,0.6716202270381837,0.7610062893081762,0.8076923076923077,Logistic Regression,1,1,0.4499999999999999,0.7957938596491227
C_no_spx,0.8480890179003387,0.7513513513513513,0.774915336236091,0.6570760799484203,0.7421383647798742,0.8076923076923077,SVM,1,1,0.835,0.8009064327485381
C_no_spx,0.8306724721819061,0.8054054054054054,0.7581035316884374,0.6895973154362416,0.8238993710691824,0.6923076923076923,Random Forest,1,1,0.715,0.802548245614035
C_no_spx,0.8043057571359459,0.7297297297297297,0.7140783744557329,0.6212741565673109,0.7358490566037735,0.6923076923076923,Extra Trees,1,1,0.4799999999999999,0.7675730994152047
C_no_spx,0.8502660861151428,0.7837837837837838,0.761611030478955,0.675096592904812,0.7924528301886793,0.7307692307692307,XGBoost (regularized),1,1,0.4599999999999999,0.8225833333333334
C_no_spx,0.756652152878568,0.7837837837837838,0.6650943396226415,0.6311802232854864,0.8301886792452831,0.5,Logistic Regression,2,1,0.4049999999999999,0.7847236842105263
C_no_spx,0.7796323173681664,0.7783783783783784,0.710208030962748,0.6501545131682118,0.8050314465408805,0.6153846153846154,SVM,2,1,0.8049999999999999,0.7990233918128655
C_no_spx,0.8125302370585389,0.8108108108108109,0.6808176100628931,0.6564804498912409,0.8616352201257862,0.5,Random Forest,2,1,0.4749999999999999,0.7863859649122806
C_no_spx,0.8113207547169812,0.8432432432432433,0.683599419448476,0.680673769418487,0.9056603773584906,0.46153846153846156,Extra Trees,2,1,0.3549999999999999,0.7738523391812866
C_no_spx,0.791485244315433,0.7675675675675676,0.7200048379293662,0.6474003811887771,0.7861635220125787,0.6538461538461539,XGBoost (regularized),2,1,0.4549999999999999,0.7866827485380117
C_no_spx,0.810566037735849,0.8260869565217391,0.6971069182389937,0.6725250278086763,0.8742138364779874,0.52,Logistic Regression,3,1,0.3549999999999999,0.794421052631579
C_no_spx,0.8135849056603774,0.7663043478260869,0.6962264150943396,0.6325980961225911,0.7924528301886793,0.6,SVM,3,1,0.835,0.7840979532163742
C_no_spx,0.790440251572327,0.782608695652174,0.7225157232704402,0.6546546546546547,0.8050314465408805,0.64,Random Forest,3,1,0.5549999999999999,0.8030891812865498
C_no_spx,0.789182389937107,0.7989130434782609,0.7488050314465409,0.6771470574287476,0.8176100628930818,0.68,Extra Trees,3,1,0.4599999999999999,0.7983581871345029
C_no_spx,0.8254088050314466,0.842391304347826,0.740251572327044,0.7073117217925511,0.8805031446540881,0.6,XGBoost (regularized),3,1,0.48499999999999993,0.8063391812865497
C_no_spx,0.7426415094339622,0.7010869565217391,0.6922012578616352,0.5924449277113286,0.7044025157232704,0.68,Logistic Regression,4,1,0.5049999999999999,0.8185219298245613
C_no_spx,0.7524528301886793,0.717391304347826,0.7184905660377359,0.6116883116883117,0.7169811320754716,0.72,SVM,4,1,0.8749999999999999,0.8147163742690058
C_no_spx,0.7922012578616353,0.7228260869565217,0.7216352201257861,0.6161492207632838,0.7232704402515723,0.72,Random Forest,4,1,0.6499999999999999,0.8120263157894737
C_no_spx,0.7977358490566038,0.592391304347826,0.679874213836478,0.5256916996047432,0.559748427672956,0.8,Extra Trees,4,1,0.6699999999999999,0.8037807017543859
C_no_spx,0.7755974842767296,0.6467391304347826,0.6944654088050315,0.5618245099835135,0.6289308176100629,0.76,XGBoost (regularized),4,1,0.6399999999999999,0.8114970760233918
C_no_spx,0.857108081791626,0.7717391304347826,0.7546251217137293,0.6645833333333333,0.7784810126582279,0.7307692307692307,Logistic Regression,5,1,0.44499999999999995,0.7915921052631579
C_no_spx,0.8831548198636806,0.8478260869565217,0.7989289191820836,0.7415211719847481,0.8670886075949367,0.7307692307692307,SVM,5,1,0.7949999999999999,0.7972558479532164
C_no_spx,0.8580817916260954,0.8641304347826086,0.7762901655306719,0.747682518786682,0.8987341772151899,0.6538461538461539,Random Forest,5,1,0.5049999999999999,0.7996900584795321
C_no_spx,0.8490749756572541,0.6467391304347826,0.7300389483933788,0.5763522369026957,0.6139240506329114,0.8461538461538461,Extra Trees,5,1,0.5399999999999999,0.7821798245614036
C_no_spx,0.8347127555988316,0.8478260869565217,0.7025316455696202,0.6961547534795942,0.9050632911392406,0.5,XGBoost (regularized),5,1,0.36499999999999994,0.8115950292397661
C_no_spx,0.7989840348330915,0.4918918918918919,0.6561441702951136,0.4599378881987578,0.4276729559748428,0.8846153846153846,Logistic Regression,6,2,0.6849999999999999,0.8491067251461987
C_no_spx,0.7939042089985486,0.7405405405405405,0.6881954523463958,0.6172413793103448,0.7610062893081762,0.6153846153846154,SVM,6,2,0.8649999999999999,0.8512529239766081
C_no_spx,0.7895500725689405,0.572972972972973,0.6872278664731495,0.5189427602778052,0.5283018867924528,0.8461538461538461,Random Forest,6,2,0.83,0.8432251461988305
C_no_spx,0.7537493952588292,0.5945945945945946,0.6998064828253507,0.535471559141585,0.5534591194968553,0.8461538461538461,Extra Trees,6,2,0.7,0.8268654970760234
C_no_spx,0.836236090953072,0.6162162162162163,0.712385099177552,0.5520886615515772,0.5786163522012578,0.8461538461538461,XGBoost (regularized),6,2,0.715,0.8543728070175438
C_no_spx,0.7987421383647799,0.772972972972973,0.7070633768746977,0.6452702702702703,0.7987421383647799,0.6153846153846154,Logistic Regression,7,2,0.48999999999999994,0.8093099415204679
C_no_spx,0.8004354136429608,0.7567567567567568,0.7298016448959845,0.6443675509419453,0.7672955974842768,0.6923076923076923,SVM,7,2,0.8649999999999999,0.835251461988304
C_no_spx,0.8171262699564588,0.7297297297297297,0.7140783744557329,0.6212741565673109,0.7358490566037735,0.6923076923076923,Random Forest,7,2,0.62,0.8227894736842105
C_no_spx,0.7847121432027092,0.7567567567567568,0.6976294146105467,0.6310003989184877,0.779874213836478,0.6153846153846154,Extra Trees,7,2,0.48999999999999994,0.8040774853801169
C_no_spx,0.8074504112239962,0.7081081081081081,0.7014997581035316,0.6035714285714286,0.710691823899371,0.6923076923076923,XGBoost (regularized),7,2,0.6599999999999999,0.8227616959064328
C_no_spx,0.8148427672955976,0.7608695652173914,0.7605031446540881,0.6547842401500938,0.7610062893081762,0.76,Logistic Regression,8,2,0.4749999999999999,0.7979298245614036
C_no_spx,0.17937106918238993,0.8641304347826086,0.5,0.46355685131195334,1.0,0.0,SVM,8,2,0.05,0.8065979532163743
C_no_spx,0.8153459119496855,0.6195652173913043,0.7293081761006289,0.5551871805497997,0.5786163522012578,0.88,Random Forest,8,2,0.71,0.8119020467836258
C_no_spx,0.8178616352201258,0.6902173913043478,0.7364779874213836,0.6010195153497926,0.6729559748427673,0.8,Extra Trees,8,2,0.5449999999999999,0.783593567251462
C_no_spx,0.7922012578616351,0.6847826086956522,0.7164779874213836,0.5912990196078431,0.6729559748427673,0.76,XGBoost (regularized),8,2,0.575,0.8242997076023393
C_no_spx,0.8233962264150942,0.7336956521739131,0.7616352201257861,0.6369054810519109,0.7232704402515723,0.8,Logistic Regression,9,2,0.49999999999999994,0.8048698830409358
C_no_spx,0.8555974842767295,0.7391304347826086,0.7816352201257861,0.6470023980815347,0.7232704402515723,0.84,SVM,9,2,0.8549999999999999,0.8232909356725147
C_no_spx,0.8558490566037735,0.7717391304347826,0.800503144654088,0.676056338028169,0.7610062893081762,0.84,Random Forest,9,2,0.7599999999999999,0.8156593567251462
C_no_spx,0.8520754716981132,0.7228260869565217,0.7890566037735849,0.6381723539618276,0.6981132075471698,0.88,Extra Trees,9,2,0.5249999999999999,0.7823947368421053
C_no_spx,0.840754716981132,0.842391304347826,0.7908176100628931,0.729068291444529,0.8616352201257862,0.72,XGBoost (regularized),9,2,0.4099999999999999,0.8250584795321638
C_no_spx,0.8220545277507303,0.6358695652173914,0.6915774099318404,0.5585633974290114,0.6139240506329114,0.7692307692307693,Logistic Regression,10,2,0.5149999999999999,0.7869795321637427
C_no_spx,0.810856864654333,0.7010869565217391,0.7134858812074002,0.6043010752688173,0.6962025316455697,0.7307692307692307,SVM,10,2,0.8949999999999999,0.8092587719298245
C_no_spx,0.791869522882181,0.7554347826086957,0.7290652385589094,0.6438250096786682,0.7658227848101266,0.6923076923076923,Random Forest,10,2,0.8099999999999999,0.8089312865497076
C_no_spx,0.7577896786757546,0.7717391304347826,0.7064264849074976,0.6447876447876448,0.7974683544303798,0.6153846153846154,Extra Trees,10,2,0.5499999999999999,0.8107149122807018
C_no_spx,0.8079357351509251,0.7391304347826086,0.7677702044790653,0.6470023980815347,0.7278481012658228,0.8076923076923077,XGBoost (regularized),10,2,0.575,0.7984064327485381
C_no_spx,0.8297048863086599,0.6054054054054054,0.6900096758587324,0.5394714407502131,0.5723270440251572,0.8076923076923077,Logistic Regression,11,3,0.63,0.8074809941520467
C_no_spx,0.8212385099177552,0.7891891891891892,0.7325834542815675,0.6672201466722014,0.8113207547169812,0.6538461538461539,SVM,11,3,0.825,0.828078947368421
C_no_spx,0.8294629898403483,0.8,0.7388727624576681,0.6775637100193131,0.8238993710691824,0.6538461538461539,Random Forest,11,3,0.5599999999999999,0.8207222222222222
C_no_spx,0.8188195452346396,0.827027027027027,0.690251572327044,0.6728558797524316,0.8805031446540881,0.5,Extra Trees,11,3,0.4099999999999999,0.8132368421052633
C_no_spx,0.8386550556361877,0.6270270270270271,0.7186744073536526,0.5604490203505389,0.5911949685534591,0.8461538461538461,XGBoost (regularized),11,3,0.6749999999999999,0.8221140350877192
C_no_spx,0.7677793904208998,0.7837837837837838,0.6972665699080793,0.6476190476190476,0.8176100628930818,0.5769230769230769,Logistic Regression,12,3,0.39499999999999996,0.8192134502923978
C_no_spx,0.7520561199806484,0.7945945945945946,0.70355587808418,0.6576743280093494,0.8301886792452831,0.5769230769230769,SVM,12,3,0.7949999999999999,0.8407061403508772
C_no_spx,0.7310111272375424,0.7567567567567568,0.633284954039671,0.5991622129134768,0.8050314465408805,0.46153846153846156,Random Forest,12,3,0.725,0.8324078947368421
C_no_spx,0.6973875181422351,0.6432432432432432,0.6155055636187712,0.5358120437956204,0.6540880503144654,0.5769230769230769,Extra Trees,12,3,0.8749999999999999,0.8196783625730995
C_no_spx,0.7653604257377843,0.8054054054054054,0.6615868408321239,0.6419354838709678,0.8616352201257862,0.46153846153846156,XGBoost (regularized),12,3,0.5149999999999999,0.8302266081871345
C_no_spx,0.8681761006289308,0.8260869565217391,0.7308176100628931,0.6896479021716213,0.8616352201257862,0.6,Logistic Regression,13,3,0.3999999999999999,0.8034707602339182
C_no_spx,0.8485534591194969,0.8369565217391305,0.7202515723270441,0.692992213570634,0.8805031446540881,0.56,SVM,13,3,0.71,0.8034532163742689
C_no_spx,0.8238993710691824,0.8152173913043478,0.6739622641509434,0.6520578420467186,0.8679245283018868,0.48,Random Forest,13,3,0.49499999999999994,0.8203216374269007
C_no_spx,0.8223899371069182,0.8532608695652174,0.7128301886792453,0.7024258760107817,0.9056603773584906,0.52,Extra Trees,13,3,0.3499999999999999,0.8105906432748536
C_no_spx,0.8337106918238993,0.7934782608695652,0.7288050314465409,0.6648130393096836,0.8176100628930818,0.64,XGBoost (regularized),13,3,0.4749999999999999,0.8364122807017542
C_no_spx,0.8538364779874215,0.5380434782608695,0.6821383647798742,0.49271836787648793,0.48427672955974843,0.88,Logistic Regression,14,3,0.6449999999999999,0.7976491228070175
C_no_spx,0.8817610062893082,0.5978260869565217,0.7167295597484277,0.5384406779661017,0.5534591194968553,0.88,SVM,14,3,0.9099999999999999,0.8121856725146198
C_no_spx,0.8837735849056604,0.6467391304347826,0.7450314465408805,0.5763522369026957,0.610062893081761,0.88,Random Forest,14,3,0.6599999999999999,0.8104093567251462
C_no_spx,0.860125786163522,0.7336956521739131,0.7784905660377358,0.6423215773396279,0.7169811320754716,0.84,Extra Trees,14,3,0.44499999999999995,0.7815438596491229
C_no_spx,0.8749685534591195,0.5760869565217391,0.7378616352201257,0.529319165682802,0.5157232704402516,0.96,XGBoost (regularized),14,3,0.695,0.8173347953216373
C_no_spx,0.75365141187926,0.717391304347826,0.6426484907497565,0.5847222222222221,0.7468354430379747,0.5384615384615384,Logistic Regression,15,3,0.5049999999999999,0.810516081871345
C_no_spx,0.7658227848101266,0.7663043478260869,0.6550632911392404,0.6164994425863991,0.810126582278481,0.5,SVM,15,3,0.815,0.8153464912280702
C_no_spx,0.8149951314508276,0.8097826086956522,0.6643135345666991,0.6467555263013549,0.8670886075949367,0.46153846153846156,Random Forest,15,3,0.5349999999999999,0.8101491228070176
C_no_spx,0.8089094449853943,0.8206521739130435,0.7027750730282376,0.6757622683825493,0.8670886075949367,0.5384615384615384,Extra Trees,15,3,0.42499999999999993,0.7809166666666667
C_no_spx,0.8184031158714703,0.7608695652173914,0.7322297955209347,0.6486111111111111,0.7721518987341772,0.6923076923076923,XGBoost (regularized),15,3,0.565,0.821204678362573
C_no_spx,0.7317368166424769,0.8,0.6906144170295114,0.6547288776796973,0.8427672955974843,0.5384615384615384,Logistic Regression,16,4,0.36999999999999994,0.8044020467836258
C_no_spx,0.8115626511852927,0.8378378378378378,0.6965408805031447,0.6843721565059144,0.8930817610062893,0.5,SVM,16,4,0.74,0.803875730994152
C_no_spx,0.8057571359458152,0.8162162162162162,0.6517900338655056,0.6422884440400364,0.8805031446540881,0.4230769230769231,Random Forest,16,4,0.48999999999999994,0.7986301169590643
C_no_spx,0.7810836961780359,0.8,0.6584421867440735,0.6368507613135975,0.8553459119496856,0.46153846153846156,Extra Trees,16,4,0.4149999999999999,0.7853347953216374
C_no_spx,0.8033381712626997,0.8162162162162162,0.7322206095791002,0.6865031897926634,0.8490566037735849,0.6153846153846154,XGBoost (regularized),16,4,0.48499999999999993,0.8145292397660817
C_no_spx,0.8144654088050314,0.8054054054054054,0.6937590711175616,0.6599264705882353,0.8490566037735849,0.5384615384615384,Logistic Regression,17,4,0.4149999999999999,0.8078640350877192
C_no_spx,0.8297048863086598,0.8324324324324325,0.6933962264150944,0.6785494086654336,0.8867924528301887,0.5,SVM,17,4,0.74,0.8157178362573101
C_no_spx,0.8001935171746493,0.7297297297297297,0.7140783744557329,0.6212741565673109,0.7358490566037735,0.6923076923076923,Random Forest,17,4,0.6,0.8317061403508772
C_no_spx,0.7373004354136429,0.6432432432432432,0.6155055636187712,0.5358120437956204,0.6540880503144654,0.5769230769230769,Extra Trees,17,4,0.7499999999999999,0.8271637426900587
C_no_spx,0.8212385099177552,0.8216216216216217,0.7192791485244315,0.6843493097564759,0.8616352201257862,0.5769230769230769,XGBoost (regularized),17,4,0.39499999999999996,0.8279912280701754
C_no_spx,0.8332075471698114,0.7282608695652174,0.7079245283018868,0.6143527833668678,0.7358490566037735,0.68,Logistic Regression,18,4,0.4749999999999999,0.8057017543859649
C_no_spx,0.8437735849056605,0.7445652173913043,0.7679245283018867,0.6462551642328302,0.7358490566037735,0.8,SVM,18,4,0.84,0.814124269005848
C_no_spx,0.8435220125786164,0.6358695652173914,0.7050314465408805,0.5585633974290114,0.610062893081761,0.8,Random Forest,18,4,0.845,0.8129546783625731
C_no_spx,0.8384905660377359,0.5054347826086957,0.680125786163522,0.4709135147091351,0.44025157232704404,0.92,Extra Trees,18,4,0.715,0.7865672514619882
C_no_spx,0.8417610062893083,0.6793478260869565,0.730188679245283,0.5923547745109083,0.660377358490566,0.8,XGBoost (regularized),18,4,0.6649999999999999,0.832517543859649
C_no_spx,0.8281761006289308,0.8206521739130435,0.7782389937106918,0.705685618729097,0.8364779874213837,0.72,Logistic Regression,19,4,0.3449999999999999,0.818248538011696
C_no_spx,0.8171069182389937,0.8260869565217391,0.7645283018867925,0.7045956251254264,0.8490566037735849,0.68,SVM,19,4,0.7449999999999999,0.8212222222222222
C_no_spx,0.8060377358490566,0.7554347826086957,0.7573584905660378,0.6499682942295497,0.7547169811320755,0.76,Random Forest,19,4,0.5549999999999999,0.8206374269005849
C_no_spx,0.8083018867924527,0.6739130434782609,0.7270440251572328,0.5880597014925373,0.6540880503144654,0.8,Extra Trees,19,4,0.4649999999999999,0.7886038011695906
C_no_spx,0.8525786163522013,0.657608695652174,0.7344654088050314,0.5802281368821293,0.6289308176100629,0.84,XGBoost (regularized),19,4,0.715,0.8252090643274854
C_no_spx,0.8476144109055501,0.8206521739130435,0.7349074975657255,0.6916984006092917,0.8544303797468354,0.6153846153846154,Logistic Regression,20,4,0.4599999999999999,0.8148026315789474
C_no_spx,0.8437195715676729,0.842391304347826,0.7796981499513145,0.729068291444529,0.8670886075949367,0.6923076923076923,SVM,20,4,0.815,0.8321184210526317
C_no_spx,0.8607594936708861,0.8586956521739131,0.7731256085686465,0.7411255411255411,0.8924050632911392,0.6538461538461539,Random Forest,20,4,0.63,0.8143245614035088
C_no_spx,0.8541869522882182,0.717391304347826,0.7390457643622201,0.6231884057971014,0.7088607594936709,0.7692307692307693,Extra Trees,20,4,0.625,0.7825219298245615
C_no_spx,0.8369036027263875,0.8369565217391305,0.7604673807205453,0.716282894736842,0.8670886075949367,0.6538461538461539,XGBoost (regularized),20,4,0.4799999999999999,0.8214751461988306
C_no_spx,0.8422835026608612,0.827027027027027,0.7224238026124818,0.6899874319229158,0.8679245283018868,0.5769230769230769,Logistic Regression,21,5,0.38999999999999996,0.796372807017544
C_no_spx,0.8693759071117563,0.7945945945945946,0.8000725689404935,0.6969827586206896,0.7924528301886793,0.8076923076923077,SVM,21,5,0.82,0.8211783625730993
C_no_spx,0.8659893565553943,0.8108108108108109,0.8255926463473633,0.7183435556135542,0.8050314465408805,0.8461538461538461,Random Forest,21,5,0.6599999999999999,0.8075964912280702
C_no_spx,0.8139816158684083,0.7675675675675676,0.7360909530720852,0.6539649397537952,0.779874213836478,0.6923076923076923,Extra Trees,21,5,0.595,0.7979649122807018
C_no_spx,0.8730043541364296,0.7945945945945946,0.8322447992259313,0.7073759573759574,0.779874213836478,0.8846153846153846,XGBoost (regularized),21,5,0.5149999999999999,0.8124780701754386
C_no_spx,0.7735849056603773,0.7675675675675676,0.7039187227866474,0.6404519774011299,0.7924528301886793,0.6153846153846154,Logistic Regression,22,5,0.4499999999999999,0.8323026315789475
C_no_spx,0.7805999032414127,0.7243243243243244,0.6787614900822447,0.6039209101213215,0.7421383647798742,0.6153846153846154,SVM,22,5,0.8599999999999999,0.8426330409356726
C_no_spx,0.7583454281567489,0.6648648648648648,0.692428640541848,0.5751851851851852,0.6540880503144654,0.7307692307692307,Random Forest,22,5,0.8749999999999999,0.8416615497076023
C_no_spx,0.7493952588292211,0.8378378378378378,0.6482825350749879,0.653125,0.9119496855345912,0.38461538461538464,Extra Trees,22,5,0.5549999999999999,0.8244298245614035
C_no_spx,0.8035800677310111,0.6,0.6707789066279632,0.5309073464912281,0.5723270440251572,0.7692307692307693,XGBoost (regularized),22,5,0.69,0.8285
C_no_spx,0.7350943396226415,0.8043478260869565,0.6845283018867925,0.650853889943074,0.8490566037735849,0.52,Logistic Regression,23,5,0.4099999999999999,0.8137587719298246
C_no_spx,0.7423899371069183,0.842391304347826,0.7065408805031447,0.6900377577693871,0.8930817610062893,0.52,SVM,23,5,0.7849999999999999,0.8219137426900586
C_no_spx,0.7466666666666667,0.7228260869565217,0.7047798742138365,0.6098939929328622,0.7295597484276729,0.68,Random Forest,23,5,0.7649999999999999,0.8196769005847953
C_no_spx,0.7177358490566038,0.7065217391304348,0.6953459119496855,0.5967532467532468,0.710691823899371,0.68,Extra Trees,23,5,0.5599999999999999,0.7876959064327486
C_no_spx,0.7451572327044025,0.8152173913043478,0.7076729559748428,0.6702508960573477,0.8553459119496856,0.56,XGBoost (regularized),23,5,0.4549999999999999,0.8229722222222222
C_no_spx,0.8083018867924529,0.8641304347826086,0.7191194968553459,0.7154697841281623,0.9182389937106918,0.52,Logistic Regression,24,5,0.26999999999999996,0.8066666666666666
C_no_spx,0.19144654088050314,0.8641304347826086,0.5,0.46355685131195334,1.0,0.0,SVM,24,5,0.05,0.8086637426900584
C_no_spx,0.8563522012578616,0.8695652173913043,0.739119496855346,0.7312560856864654,0.9182389937106918,0.56,Random Forest,24,5,0.4699999999999999,0.7947499999999998
C_no_spx,0.8437735849056603,0.8369565217391305,0.7539622641509434,0.709044908285895,0.8679245283018868,0.64,Extra Trees,24,5,0.42499999999999993,0.7651666666666668
C_no_spx,0.8362264150943396,0.7880434782608695,0.7762264150943397,0.6797429374748962,0.7924528301886793,0.76,XGBoost (regularized),24,5,0.49999999999999994,0.7967236842105263
C_no_spx,0.8310613437195715,0.6902173913043478,0.7392891918208374,0.6061732567308775,0.6708860759493671,0.8076923076923077,Logistic Regression,25,5,0.5049999999999999,0.7926549707602338
C_no_spx,0.18524829600778966,0.8586956521739131,0.5,0.4619883040935672,1.0,0.0,SVM,25,5,0.05,0.7962558479532162
C_no_spx,0.8405550146056476,0.7445652173913043,0.7548685491723466,0.6462551642328302,0.740506329113924,0.7692307692307693,Random Forest,25,5,0.5499999999999999,0.7992880116959065
C_no_spx,0.8288704965920156,0.7336956521739131,0.748539435248296,0.6369054810519109,0.7278481012658228,0.7692307692307693,Extra Trees,25,5,0.4649999999999999,0.7759824561403509
C_no_spx,0.7938169425511197,0.6793478260869565,0.7329600778967867,0.5974339006934402,0.6582278481012658,0.8076923076923077,XGBoost (regularized),25,5,0.48499999999999993,0.7933304093567252
C_no_spx,0.7871311078858249,0.7243243243243244,0.6948476052249637,0.6105263157894737,0.7358490566037735,0.6538461538461539,Logistic Regression,26,6,0.48999999999999994,0.8366242690058481
C_no_spx,0.7943880019351718,0.6810810810810811,0.6857764876632801,0.582200956937799,0.6792452830188679,0.6923076923076923,SVM,26,6,0.8649999999999999,0.8332119883040935
C_no_spx,0.7774552491533624,0.6864864864864865,0.7050072568940493,0.5920772506082725,0.6792452830188679,0.7307692307692307,Random Forest,26,6,0.61,0.8408523391812865
C_no_spx,0.7764876632801162,0.7513513513513513,0.7266569908079342,0.6396510840108401,0.7610062893081762,0.6923076923076923,Extra Trees,26,6,0.4649999999999999,0.8162704678362573
C_no_spx,0.7760038703434929,0.772972972972973,0.6909772617319787,0.6378635346756152,0.8050314465408805,0.5769230769230769,XGBoost (regularized),26,6,0.4599999999999999,0.8388011695906433
C_no_spx,0.7750362844702468,0.7513513513513513,0.7105708756652154,0.6331896551724138,0.7672955974842768,0.6538461538461539,Logistic Regression,27,6,0.5049999999999999,0.8251008771929825
C_no_spx,0.7764876632801162,0.7081081081081081,0.6693275278180939,0.5909760890926957,0.7232704402515723,0.6153846153846154,SVM,27,6,0.8799999999999999,0.8318304093567253
C_no_spx,0.7452830188679245,0.5567567567567567,0.6295355587808418,0.49433333333333335,0.5283018867924528,0.7307692307692307,Random Forest,27,6,0.84,0.8222558479532165
C_no_spx,0.7184325108853411,0.7189189189189189,0.6595307208514756,0.5926490514905149,0.7421383647798742,0.5769230769230769,Extra Trees,27,6,0.5399999999999999,0.807295321637427
C_no_spx,0.7772133526850509,0.7837837837837838,0.6972665699080793,0.6476190476190476,0.8176100628930818,0.5769230769230769,XGBoost (regularized),27,6,0.5399999999999999,0.833561403508772
C_no_spx,0.8269182389937106,0.7880434782608695,0.7930817610062894,0.6856905085191187,0.7861635220125787,0.8,Logistic Regression,28,6,0.4799999999999999,0.7727558479532164
C_no_spx,0.8543396226415094,0.8260869565217391,0.7476729559748427,0.6973684210526316,0.8553459119496856,0.64,SVM,28,6,0.7749999999999999,0.7823464912280701
C_no_spx,0.8145911949685534,0.8315217391304348,0.7339622641509433,0.6954130399957281,0.8679245283018868,0.6,Random Forest,28,6,0.5299999999999999,0.7627251461988305
C_no_spx,0.8389937106918238,0.8097826086956522,0.7382389937106919,0.6806664352655328,0.8364779874213837,0.64,Extra Trees,28,6,0.4149999999999999,0.7488172514619883
C_no_spx,0.7989937106918239,0.7880434782608695,0.7256603773584906,0.6596955470194907,0.8113207547169812,0.64,XGBoost (regularized),28,6,0.5249999999999999,0.7680994152046784
C_no_spx,0.8548427672955975,0.8315217391304348,0.7508176100628932,0.7031485818371064,0.8616352201257862,0.64,Logistic Regression,29,6,0.3999999999999999,0.8040818713450293
C_no_spx,0.8485534591194969,0.8260869565217391,0.7476729559748427,0.6973684210526316,0.8553459119496856,0.64,SVM,29,6,0.815,0.8026023391812865
C_no_spx,0.8465408805031446,0.8097826086956522,0.7550943396226415,0.6878483835005574,0.8301886792452831,0.68,Random Forest,29,6,0.5499999999999999,0.7994970760233918
C_no_spx,0.8493081761006289,0.7065217391304348,0.779622641509434,0.6244897959183674,0.6792452830188679,0.88,Extra Trees,29,6,0.595,0.7764342105263158
C_no_spx,0.8586163522012579,0.842391304347826,0.7233962264150944,0.6989902408755007,0.8867924528301887,0.56,XGBoost (regularized),29,6,0.36499999999999994,0.8061184210526318
C_no_spx,0.8274099318403115,0.657608695652174,0.7203018500486855,0.5802281368821293,0.6329113924050633,0.8076923076923077,Logistic Regression,30,6,0.5099999999999999,0.8135336257309941
C_no_spx,0.818889970788705,0.5380434782608695,0.6828140214216163,0.4962476245692016,0.4810126582278481,0.8846153846153846,SVM,30,6,0.9299999999999999,0.8340321637426902
C_no_spx,0.8059883154819865,0.483695652173913,0.6511684518013632,0.4538694660543006,0.4177215189873418,0.8846153846153846,Random Forest,30,6,0.8849999999999999,0.8275263157894738
C_no_spx,0.7531645569620253,0.8532608695652174,0.7056962025316456,0.7024258760107817,0.9113924050632911,0.5,Extra Trees,30,6,0.44499999999999995,0.8271959064327487
C_no_spx,0.8147517039922103,0.5163043478260869,0.6540895813047711,0.4760518317069269,0.4620253164556962,0.8461538461538461,XGBoost (regularized),30,6,0.7899999999999999,0.8290365497076024
C_no_spx,0.8316400580551524,0.7567567567567568,0.7458877600387035,0.6505184501070483,0.7610062893081762,0.7307692307692307,Logistic Regression,31,7,0.4799999999999999,0.8046008771929826
C_no_spx,0.8587324625060474,0.7081081081081081,0.7658442186744073,0.6252250900360145,0.6855345911949685,0.8461538461538461,SVM,31,7,0.8849999999999999,0.8008479532163741
C_no_spx,0.8676826318335753,0.7297297297297297,0.7623367198838897,0.6383328120112606,0.7169811320754716,0.8076923076923077,Random Forest,31,7,0.6,0.8019093567251462
C_no_spx,0.851233671988389,0.5675675675675675,0.716255442670537,0.5222107438016529,0.5094339622641509,0.9230769230769231,Extra Trees,31,7,0.6499999999999999,0.7870950292397662
C_no_spx,0.8621190130624093,0.8540540540540541,0.7542331881954524,0.7277780805493488,0.8930817610062893,0.6153846153846154,XGBoost (regularized),31,7,0.4149999999999999,0.8107456140350877
C_no_spx,0.7977745524915336,0.6432432432432432,0.6959361393323658,0.5636792452830188,0.6226415094339622,0.7692307692307693,Logistic Regression,32,7,0.61,0.8220453216374268
C_no_spx,0.8248669569424287,0.6702702702702703,0.6955732946298984,0.5793730664579373,0.660377358490566,0.7307692307692307,SVM,32,7,0.8849999999999999,0.833404970760234
C_no_spx,0.8207547169811321,0.7243243243243244,0.7270198355104015,0.6227358151065616,0.7232704402515723,0.7307692307692307,Random Forest,32,7,0.615,0.8086827485380118
C_no_spx,0.8178519593613933,0.745945945945946,0.7395984518626028,0.6410732714138287,0.7484276729559748,0.7307692307692307,Extra Trees,32,7,0.5249999999999999,0.8079239766081873
C_no_spx,0.8214804063860668,0.7783783783783784,0.7584663763909048,0.670059593718735,0.7861635220125787,0.7307692307692307,XGBoost (regularized),32,7,0.5449999999999999,0.82025
C_no_spx,0.7808805031446542,0.6141304347826086,0.7261635220125786,0.55098814229249,0.5723270440251572,0.88,Logistic Regression,33,7,0.5549999999999999,0.8313494152046784
C_no_spx,0.7826415094339623,0.7119565217391305,0.6816352201257861,0.5945957181459156,0.7232704402515723,0.64,SVM,33,7,0.8999999999999999,0.8464152046783626
C_no_spx,0.7964779874213836,0.6467391304347826,0.6944654088050315,0.5618245099835135,0.6289308176100629,0.76,Random Forest,33,7,0.695,0.8381842105263159
C_no_spx,0.7771069182389937,0.8097826086956522,0.7045283018867925,0.6648451730418943,0.8490566037735849,0.56,Extra Trees,33,7,0.43999999999999995,0.8242353801169591
C_no_spx,0.8196226415094339,0.7065217391304348,0.7459119496855346,0.6142258114614071,0.6918238993710691,0.8,XGBoost (regularized),33,7,0.63,0.8311739766081871
C_no_spx,0.7972327044025157,0.8097826086956522,0.6708176100628931,0.6467555263013549,0.8616352201257862,0.48,Logistic Regression,34,7,0.3499999999999999,0.7987061403508772
C_no_spx,0.8020125786163522,0.8532608695652174,0.6791194968553459,0.6821700467020664,0.9182389937106918,0.44,SVM,34,7,0.6649999999999999,0.8188947368421055
C_no_spx,0.8133333333333334,0.8315217391304348,0.700251572327044,0.6782309471427765,0.8805031446540881,0.52,Random Forest,34,7,0.4649999999999999,0.8153947368421053
C_no_spx,0.7740880503144654,0.8260869565217391,0.680251572327044,0.663003663003663,0.8805031446540881,0.48,Extra Trees,34,7,0.37499999999999994,0.7923099415204679
C_no_spx,0.8256603773584905,0.8043478260869565,0.7350943396226415,0.6752941176470588,0.8301886792452831,0.64,XGBoost (regularized),34,7,0.4799999999999999,0.8134722222222222
C_no_spx,0.7850535540408958,0.8206521739130435,0.6706426484907497,0.6574716534100524,0.879746835443038,0.46153846153846156,Logistic Regression,35,7,0.36499999999999994,0.7791505847953217
C_no_spx,0.8106134371957157,0.7391304347826086,0.7517039922103214,0.6415584415584416,0.7341772151898734,0.7692307692307693,SVM,35,7,0.8799999999999999,0.7916038011695907
C_no_spx,0.8084225900681596,0.7336956521739131,0.748539435248296,0.6369054810519109,0.7278481012658228,0.7692307692307693,Random Forest,35,7,0.63,0.799124269005848
C_no_spx,0.7887049659201558,0.8043478260869565,0.6772151898734178,0.650853889943074,0.8544303797468354,0.5,Extra Trees,35,7,0.41999999999999993,0.7729561403508772
C_no_spx,0.7901655306718598,0.6956521739130435,0.7424537487828626,0.6105820105820106,0.6772151898734177,0.8076923076923077,XGBoost (regularized),35,7,0.6499999999999999,0.8048260233918129
C_no_spx,0.8118045476536042,0.8378378378378378,0.7287131107885825,0.7016129032258065,0.8805031446540881,0.5769230769230769,Logistic Regression,36,8,0.4049999999999999,0.8296637426900586
C_no_spx,0.8372036768263184,0.6270270270270271,0.7186744073536526,0.5604490203505389,0.5911949685534591,0.8461538461538461,SVM,36,8,0.9099999999999999,0.8392163742690059
C_no_spx,0.8388969521044993,0.7513513513513513,0.774915336236091,0.6570760799484203,0.7421383647798742,0.8076923076923077,Random Forest,36,8,0.625,0.8351461988304093
C_no_spx,0.8306724721819062,0.8216216216216217,0.8157958393807451,0.7240677966101695,0.8238993710691824,0.8076923076923077,Extra Trees,36,8,0.4699999999999999,0.7839751461988305
C_no_spx,0.8442186744073538,0.8486486486486486,0.7350024189646831,0.7137488947833776,0.8930817610062893,0.5769230769230769,XGBoost (regularized),36,8,0.35999999999999993,0.8542631578947368
C_no_spx,0.8834059022738269,0.7891891891891892,0.7808417997097243,0.6861542476836748,0.7924528301886793,0.7692307692307693,Logistic Regression,37,8,0.4649999999999999,0.8092280701754386
C_no_spx,0.8807450411223996,0.8378378378378378,0.825229801644896,0.741331096196868,0.8427672955974843,0.8076923076923077,SVM,37,8,0.8099999999999999,0.820625730994152
C_no_spx,0.9061441702951136,0.8648648648648649,0.8409530720851476,0.7721787104083543,0.8742138364779874,0.8076923076923077,Random Forest,37,8,0.5249999999999999,0.8168318713450293
C_no_spx,0.8732462506047411,0.8432432432432433,0.7479438800193517,0.7153695156241711,0.8805031446540881,0.6153846153846154,Extra Trees,37,8,0.38999999999999996,0.812078947368421
C_no_spx,0.9034833091436866,0.772972972972973,0.81966618287373,0.6868955512572534,0.7547169811320755,0.8846153846153846,XGBoost (regularized),37,8,0.5199999999999999,0.8191929824561404
C_no_spx,0.8083018867924529,0.8260869565217391,0.7139622641509434,0.6813852813852814,0.8679245283018868,0.56,Logistic Regression,38,8,0.39499999999999996,0.8078976608187135
C_no_spx,0.8138364779874214,0.7934782608695652,0.7119496855345913,0.6572549019607843,0.8238993710691824,0.6,SVM,38,8,0.7899999999999999,0.8145526315789475
C_no_spx,0.8140880503144654,0.7228260869565217,0.7553459119496855,0.6277224580473678,0.710691823899371,0.8,Random Forest,38,8,0.63,0.8115994152046783
C_no_spx,0.7670440251572327,0.7608695652173914,0.6930817610062894,0.6278727707299135,0.7861635220125787,0.6,Extra Trees,38,8,0.4749999999999999,0.7899897660818714
C_no_spx,0.8286792452830188,0.7445652173913043,0.7679245283018867,0.6462551642328302,0.7358490566037735,0.8,XGBoost (regularized),38,8,0.575,0.8274385964912282
C_no_spx,0.8113207547169813,0.7119565217391305,0.7322012578616353,0.6131233387551077,0.7044025157232704,0.76,Logistic Regression,39,8,0.4799999999999999,0.8223801169590643
C_no_spx,0.7828930817610064,0.7717391304347826,0.6825157232704403,0.6295302013422819,0.8050314465408805,0.56,SVM,39,8,0.7599999999999999,0.8452222222222222
C_no_spx,0.8010062893081762,0.8043478260869565,0.7688050314465409,0.6891891891891893,0.8176100628930818,0.72,Random Forest,39,8,0.5099999999999999,0.833266081871345
C_no_spx,0.7690566037735849,0.7445652173913043,0.6667924528301887,0.6064618885096701,0.7735849056603774,0.56,Extra Trees,39,8,0.42499999999999993,0.8034985380116959
C_no_spx,0.7891823899371069,0.7065217391304348,0.6784905660377358,0.5903018307768431,0.7169811320754716,0.64,XGBoost (regularized),39,8,0.48999999999999994,0.8253567251461987
C_no_spx,0.7801850048685491,0.6521739130434783,0.6689386562804285,0.5605970149253732,0.6455696202531646,0.6923076923076923,Logistic Regression,40,8,0.625,0.8258552631578947
C_no_spx,0.8103700097370983,0.6793478260869565,0.700827653359299,0.5870202000989082,0.6708860759493671,0.7307692307692307,SVM,40,8,0.9049999999999999,0.8198961988304093
C_no_spx,0.7935735150925024,0.8152173913043478,0.6835443037974683,0.6614718614718615,0.8670886075949367,0.5,Random Forest,40,8,0.5399999999999999,0.8169035087719297
C_no_spx,0.7913826679649464,0.6304347826086957,0.7044790652385589,0.5591261451726568,0.6012658227848101,0.8076923076923077,Extra Trees,40,8,0.6649999999999999,0.7807222222222222
C_no_spx,0.7553554040895812,0.6902173913043478,0.6750243427458618,0.5839251001705875,0.6962025316455697,0.6538461538461539,XGBoost (regularized),40,8,0.71,0.8301388888888889
C_no_spx,0.8156748911465893,0.7405405405405405,0.7203676826318335,0.6303696303696303,0.7484276729559748,0.6923076923076923,Logistic Regression,41,9,0.48499999999999993,0.8187061403508771
C_no_spx,0.8495403967102081,0.6918918918918919,0.7403241412675374,0.6069551604606955,0.6729559748427673,0.8076923076923077,SVM,41,9,0.8949999999999999,0.8286754385964912
C_no_spx,0.8476052249637155,0.6378378378378379,0.7249637155297532,0.5688545688545689,0.6037735849056604,0.8461538461538461,Random Forest,41,9,0.715,0.8182470760233919
C_no_spx,0.8369617803580067,0.7189189189189189,0.7882196419932268,0.6391056422569028,0.6918238993710691,0.8846153846153846,Extra Trees,41,9,0.5249999999999999,0.7950906432748538
C_no_spx,0.8289791969037252,0.572972972972973,0.7033139816158684,0.5227755102040816,0.5220125786163522,0.8846153846153846,XGBoost (regularized),41,9,0.835,0.8371915204678363
C_no_spx,0.7525399129172715,0.5567567567567567,0.6456216739235607,0.4986118455843469,0.5220125786163522,0.7692307692307693,Logistic Regression,42,9,0.73,0.8509283625730995
C_no_spx,0.7815674891146589,0.6378378378378379,0.6767053701015965,0.5545372866127583,0.6226415094339622,0.7307692307692307,SVM,42,9,0.945,0.8629473684210527
C_no_spx,0.7375423318819545,0.8378378378378378,0.6965408805031447,0.6843721565059144,0.8930817610062893,0.5,Random Forest,42,9,0.49499999999999994,0.8579663742690059
C_no_spx,0.7121432027092405,0.6162162162162163,0.6480406386066764,0.5332433104722647,0.6037735849056604,0.6923076923076923,Extra Trees,42,9,0.735,0.8361213450292398
C_no_spx,0.7336719883889695,0.8108108108108109,0.6808176100628931,0.6564804498912409,0.8616352201257862,0.5,XGBoost (regularized),42,9,0.5249999999999999,0.8634195906432748
C_no_spx,0.7808805031446541,0.8043478260869565,0.7182389937106919,0.6676700782661047,0.8364779874213837,0.6,Logistic Regression,43,9,0.4749999999999999,0.7844751461988304
C_no_spx,0.790440251572327,0.7989130434782609,0.7150943396226415,0.6624188029949918,0.8301886792452831,0.6,SVM,43,9,0.7949999999999999,0.80278216374269
C_no_spx,0.7806289308176101,0.7445652173913043,0.7173584905660377,0.6279950101088312,0.7547169811320755,0.68,Random Forest,43,9,0.58,0.7942470760233918
C_no_spx,0.7725786163522013,0.6793478260869565,0.6964779874213836,0.5814150761519182,0.6729559748427673,0.72,Extra Trees,43,9,0.5549999999999999,0.7848991228070175
C_no_spx,0.77937106918239,0.7717391304347826,0.69937106918239,0.6373873873873874,0.7987421383647799,0.6,XGBoost (regularized),43,9,0.48499999999999993,0.7975716374269005
C_no_spx,0.8772327044025157,0.7608695652173914,0.7773584905660378,0.6606304493628437,0.7547169811320755,0.8,Logistic Regression,44,9,0.4749999999999999,0.770969298245614
C_no_spx,0.8679245283018868,0.7391304347826086,0.7647798742138365,0.6415584415584416,0.7295597484276729,0.8,SVM,44,9,0.8549999999999999,0.7745540935672515
C_no_spx,0.8646540880503144,0.7554347826086957,0.7742138364779874,0.6557888172937019,0.7484276729559748,0.8,Random Forest,44,9,0.71,0.7765891812865496
C_no_spx,0.7844025157232705,0.75,0.669937106918239,0.6109578966721825,0.779874213836478,0.56,Extra Trees,44,9,0.585,0.7597383040935672
C_no_spx,0.9091823899371069,0.8532608695652174,0.8308176100628931,0.7536569643476967,0.8616352201257862,0.8,XGBoost (regularized),44,9,0.41999999999999993,0.7818771929824562
C_no_spx,0.8222979552093476,0.8206521739130435,0.7027750730282376,0.6757622683825493,0.8670886075949367,0.5384615384615384,Logistic Regression,45,9,0.42499999999999993,0.7979429824561404
C_no_spx,0.8466407010710808,0.5869565217391305,0.7112950340798442,0.5340530454484873,0.5379746835443038,0.8846153846153846,SVM,45,9,0.9249999999999999,0.8100891812865496
C_no_spx,0.8249756572541382,0.7282608695652174,0.7775073028237585,0.6428016772790806,0.7088607594936709,0.8461538461538461,Random Forest,45,9,0.6449999999999999,0.8223640350877194
C_no_spx,0.8181596884128529,0.8260869565217391,0.689873417721519,0.6725250278086763,0.879746835443038,0.5,Extra Trees,45,9,0.3999999999999999,0.8108055555555556
C_no_spx,0.8227848101265822,0.6847826086956522,0.752190847127556,0.6066637181188265,0.6582278481012658,0.8461538461538461,XGBoost (regularized),45,9,0.6649999999999999,0.8217777777777778
C_no_spx,0.8444605708756651,0.7351351351351352,0.7654813739719399,0.6429556106975463,0.7232704402515723,0.8076923076923077,Logistic Regression,46,10,0.5399999999999999,0.7957763157894737
C_no_spx,0.8251088534107401,0.827027027027027,0.7545960328979198,0.7049441786283892,0.8553459119496856,0.6538461538461539,SVM,46,10,0.82,0.8172397660818712
C_no_spx,0.8492985002418963,0.7675675675675676,0.7521770682148041,0.6601734375667478,0.7735849056603774,0.7307692307692307,Random Forest,46,10,0.575,0.8110204678362573
C_no_spx,0.8006773101112723,0.7783783783783784,0.694121915820029,0.6427057327241038,0.8113207547169812,0.5769230769230769,Extra Trees,46,10,0.43999999999999995,0.8015087719298245
C_no_spx,0.8415578132559264,0.8810810810810811,0.7056119980648283,0.7269189479334407,0.949685534591195,0.46153846153846156,XGBoost (regularized),46,10,0.33499999999999996,0.8348026315789475
C_no_spx,0.7924528301886793,0.7621621621621621,0.6846879535558781,0.6283783783783784,0.7924528301886793,0.5769230769230769,Logistic Regression,47,10,0.4549999999999999,0.8242997076023393
C_no_spx,0.7714078374455733,0.745945945945946,0.6430817610062893,0.5989576126562428,0.7861635220125787,0.5,SVM,47,10,0.825,0.8472587719298245
C_no_spx,0.7832607643928399,0.772972972972973,0.6909772617319787,0.6378635346756152,0.8050314465408805,0.5769230769230769,Random Forest,47,10,0.6649999999999999,0.8365687134502924
C_no_spx,0.7639090469279148,0.8216216216216217,0.6710208030962748,0.657810660837397,0.8805031446540881,0.46153846153846156,Extra Trees,47,10,0.3549999999999999,0.8077777777777779
C_no_spx,0.7723754233188196,0.745945945945946,0.7395984518626028,0.6410732714138287,0.7484276729559748,0.7307692307692307,XGBoost (regularized),47,10,0.57,0.8589283625730995
C_no_spx,0.7783647798742138,0.8206521739130435,0.7445283018867925,0.6916984006092917,0.8490566037735849,0.64,Logistic Regression,48,10,0.4499999999999999,0.8274985380116959
C_no_spx,0.2047798742138365,0.8641304347826086,0.5,0.46355685131195334,1.0,0.0,SVM,48,10,0.05,0.8269839181286549
C_no_spx,0.8150943396226416,0.6847826086956522,0.699622641509434,0.5856499456437335,0.6792452830188679,0.72,Random Forest,48,10,0.6749999999999999,0.8253845029239766
C_no_spx,0.7929559748427674,0.6521739130434783,0.6807547169811321,0.5605970149253732,0.6415094339622641,0.72,Extra Trees,48,10,0.58,0.7897061403508773
C_no_spx,0.8047798742138365,0.7663043478260869,0.7130817610062894,0.6399544937428897,0.7861635220125787,0.64,XGBoost (regularized),48,10,0.5349999999999999,0.823845029239766
C_no_spx,0.858867924528302,0.8206521739130435,0.7782389937106918,0.705685618729097,0.8364779874213837,0.72,Logistic Regression,49,10,0.43499999999999994,0.7757076023391812
C_no_spx,0.8621383647798742,0.842391304347826,0.8076729559748428,0.7354093320771558,0.8553459119496856,0.76,SVM,49,10,0.8049999999999999,0.770562865497076
C_no_spx,0.8757232704402516,0.782608695652174,0.789937106918239,0.6805555555555556,0.779874213836478,0.8,Random Forest,49,10,0.6,0.7665175438596492
C_no_spx,0.8475471698113208,0.7391304347826086,0.7647798742138365,0.6415584415584416,0.7295597484276729,0.8,Extra Trees,49,10,0.58,0.7620818713450292
C_no_spx,0.8777358490566037,0.7989130434782609,0.8162264150943397,0.7018089439796767,0.7924528301886793,0.84,XGBoost (regularized),49,10,0.49499999999999994,0.7714254385964912
C_no_spx,0.7750730282375852,0.7608695652173914,0.7000973709834469,0.6351838500360489,0.7848101265822784,0.6153846153846154,Logistic Regression,50,10,0.4149999999999999,0.8059269005847953
C_no_spx,0.7799415774099318,0.7336956521739131,0.7164070107108081,0.6251922677198087,0.740506329113924,0.6923076923076923,SVM,50,10,0.835,0.8066184210526316
C_no_spx,0.8062317429406036,0.717391304347826,0.7390457643622201,0.6231884057971014,0.7088607594936709,0.7692307692307693,Random Forest,50,10,0.7699999999999999,0.8357763157894738
C_no_spx,0.7792112950340798,0.6304347826086957,0.7044790652385589,0.5591261451726568,0.6012658227848101,0.8076923076923077,Extra Trees,50,10,0.705,0.8214356725146199
C_no_spx,0.7762901655306719,0.7282608695652174,0.7453748782862707,0.6322941646682654,0.7215189873417721,0.7692307692307693,XGBoost (regularized),50,10,0.725,0.832938596491228
